,Water_(g),Energy_(kcal),Protein_(g),Lipid_Tot_(g),Ash_(g),Carbohydrt_(g),Fiber_TD_(g),Sugar_Tot_(g),Calcium_(mg),Iron_(mg),Magnesium_(mg),Phosphorus_(mg),Potassium_(mg),Sodium_(mg),Zinc_(mg),Copper_(mg),Manganese_(mg),Selenium_(µg),Vit_C_(mg),Thiamin_(mg),Riboflavin_(mg),Niacin_(mg),Panto_Acid_mg),Vit_B6_(mg),Folate_Tot_(µg),Folic_Acid_(µg),Food_Folate_(µg),Folate_DFE_(µg),Choline_Tot_ (mg),Vit_B12_(µg),Vit_A_(µg),Retinol_(µg),Alpha_Carot_(µg),Beta_Carot_(µg),Beta_Crypt_(µg),Lycopene_(µg),Lut+Zea_ (µg),Vit_E_(mg),Vit_D_(µg),Vit_K_(µg),FA_Sat_(g),FA_Mono_(g),FA_Poly_(g),Cholestrl_(mg)
Water_(g),1.0,-0.9005349487744732,-0.10383342219821609,-0.489584328238118,-0.23574383948339037,-0.7740103924635476,-0.38560097047989184,-0.457882649910105,-0.23741357466434448,-0.34905711186168026,-0.39117826942937844,-0.29063996943880477,-0.20049981547604487,-0.1570778120461978,-0.14931915759776784,-0.1400702091644599,-0.06740142534369016,-0.0494257785386164,-0.013933269993548625,-0.2898963823145236,-0.26457486362196025,-0.2752586086594749,-0.0923649230617912,-0.22837606945964498,-0.3266568959824078,-0.24659277080336248,-0.1230616690266009,-0.26663289837633436,-0.01487385277546199,0.01320260284169052,0.011635895976572153,-0.027807013367734116,0.04281189551176312,0.06594833199390555,0.003167897381023069,0.038339113109067104,0.07277986618405625,-0.2317616935062663,-0.05798391269830042,0.02077111459884916,-0.36796010829478754,-0.39059803580748764,-0.39931696360551705,0.05534759622981984
Energy_(kcal),-0.9005349487744732,1.0,0.1126362031540164,0.8066772688610271,0.08325984446788362,0.49302784835172875,0.2020646946337889,0.31579602070095747,0.1248915941364622,0.19622481205603973,0.262945382983074,0.20071421509861037,0.0816430211391352,0.05591989149492047,0.11440123796838977,0.10250834414694476,0.03730521813572866,0.05758444993937348,-0.032983462093758055,0.1866391727531587,0.15421848946870134,0.17428161275939466,0.0618258626802973,0.11925103375510611,0.1843940847685884,0.13900331425569423,0.051112668789535076,0.14398596781782091,0.038677464317508126,-0.013956659388474879,-0.02980587364996668,0.03500440524194982,-0.05366136998670969,-0.08629693190279417,-0.021632486191797855,-0.05179204600316862,-0.08887092522768311,0.303858244101925,0.07498081188545486,-0.02411480273029001,0.6191185163974036,0.676569394730923,0.5951910553305012,0.015089662324880444
Protein_(g),-0.10383342219821609,0.1126362031540164,1.0,0.06233594405981306,0.10631494796090744,-0.30429476801331107,-0.07414262903900243,-0.2693208410927092,0.046245146145591526,0.1285900179645609,0.21798171950610354,0.444553073624992,0.24837060281243606,-0.003169884013355205,0.4220674834521613,0.1533532651900749,0.03482020451309018,0.38391909820788256,-0.0644061707494007,0.10242748451455436,0.2135124705033982,0.39406003523805405,0.23816670834601228,0.24422338825506817,0.008987291341947529,-0.03048937705506127,0.11710477582922339,0.008249176670801588,0.40790132106139576,0.2502900312451109,-0.021469144141649084,0.04365481085448172,-0.057549776239792114,-0.09005021171015125,-0.02962899326515954,-0.054798510775227446,-0.08152316562531343,-0.028481880931037585,0.018184867535924337,-0.07197259439228326,0.05252981311418853,0.09427608163356933,-0.039388646579350345,0.29024463460831257
Lipid_Tot_(g),-0.489584328238118,0.8066772688610271,0.06233594405981306,1.0,-0.005905974511337365,-0.04859445000589476,-0.023089442049944283,-0.00027554890466630256,0.016832945516800323,-0.03562678814389544,0.08235078201447962,0.07442844671432088,-0.03683012197642343,0.011051505470981634,0.03211285338659912,0.04771617576643604,0.0010973800451071348,0.038994693691665354,-0.0573673157206734,-0.001631850306647532,-0.03155415540222556,-0.018253527286599392,0.00860948242484109,-0.041971839218664805,-0.04943591821964967,-0.04797924993487592,-0.02943654553323684,-0.05496261426875115,0.04882427757336394,-0.02091414798749037,-0.020569148142302415,0.03373682094478671,-0.04122276236005889,-0.05779462056318522,-0.01526256498121515,-0.04083718044451049,-0.06164284296483513,0.33769928939040444,0.07314032410549108,0.015055389398009256,0.764602979601538,0.868513657859697,0.7039619197561553,0.08722885129151609
Ash_(g),-0.23574383948339037,0.08325984446788362,0.10631494796090744,-0.005905974511337365,1.0,0.1197080445593654,0.17900276901179038,0.0066691286116442134,0.4743043271036408,0.19763594821456953,0.25884122111257396,0.41497218047862205,0.3505308493887991,0.8139084063267618,0.08169682952190017,0.0918614374739046,0.06010312335564031,0.054287719578173896,0.04319867487151176,0.13001883997804373,0.14857975626268585,0.12281477052623202,0.08998369692600508,0.11533306105771929,0.11795517672221843,0.08213824878714229,0.11994003236124032,0.1140389891632857,0.0690656017204821,0.01773634683481399,0.05088725624043718,0.012831351187211976,0.010739587178804218,0.03304817740001932,0.028483376008441204,0.03747120717295329,0.01053142596320204,0.05489030104364251,0.022576813676710942,0.062480450471870584,-0.02350997682504722,-0.0019012595654065,0.016657710559799883,-0.0063889346312967195
Carbohydrt_(g),-0.7740103924635476,0.49302784835172875,-0.30429476801331107,-0.04859445000589476,0.1197080445593654,1.0,0.45570994826820405,0.6172589096626961,0.1890635085696204,0.3443115929128565,0.2839770618983894,0.07332402107054088,0.11786736924855941,0.07555387568049993,-0.015401854533447746,0.06314886860088295,0.05551630298390531,-0.11555686170938596,0.06956649436530138,0.2744466182034285,0.22038283892186736,0.16066300850808152,0.001544149007879039,0.17986958138988832,0.3809817762284858,0.30988455847717966,0.09961147124168004,0.3186374824373804,-0.17022522553526317,-0.0981813771818962,0.002252651126721221,-0.005796385287257771,-0.0029520802314055555,-0.008998767632213644,0.013915800442248915,-0.0019885031923319524,-0.015369240082820299,0.07208071148064461,0.014611886139330024,-0.01140287533665025,-0.043835373778114965,-0.09612697009171425,0.0548485764931667,-0.21973495656115438
Fiber_TD_(g),-0.38560097047989184,0.2020646946337889,-0.07414262903900243,-0.023089442049944283,0.17900276901179038,0.45570994826820405,1.0,0.10756066676749357,0.23369964798585854,0.38042329716669776,0.5401098884947272,0.15933890957233188,0.3265292868483211,0.010006943352013924,0.08278254676166474,0.18553594222765887,0.10273742818463164,-0.03429674593420174,0.06808619544064015,0.203499605676297,0.1522241275854182,0.1286824977516485,0.0671628145113236,0.23515098977895854,0.30601315350971076,0.15692686443335147,0.3205268329496415,0.24297730590807448,-0.06727930810572387,-0.05456902183666662,0.10708637897346547,-0.019747268801754064,0.06448832946916458,0.14311594516138182,0.12014229779047055,0.024726664671187587,0.09695832651921305,0.15337395428121373,-0.011303036485859036,0.15516087915788818,-0.07566319763419192,-0.030788746914468916,0.07360292548296585,-0.14582444136433556
Sugar_Tot_(g),-0.457882649910105,0.31579602070095747,-0.2693208410927092,-0.00027554890466630256,0.0066691286116442134,0.6172589096626961,0.10756066676749357,1.0,0.1257032898544743,0.11384589307851299,0.041107114366486786,-0.053286369487957855,-0.005767076670894953,0.005117653929460469,-0.031045878725199847,-0.005206373477792429,0.01007371746892622,-0.12675954562228517,0.053275873426236145,0.09136479058910159,0.1150674687690718,0.020496428971544463,-0.01607991478851631,0.07363977421865461,0.17201146156963454,0.18332415165706137,-0.04900976204470415,0.15481677637980207,-0.07304284906891434,-0.05481194146413879,0.002556789560105806,0.005626591128689147,0.011454010476971976,0.0070029081452550775,0.007455352006933466,0.022669924829949728,-0.017141575722572293,0.06653129133979671,0.054585238352246525,-0.01482575649835725,0.06864954839659652,-0.06334641830705176,-0.00523185182143291,-0.13626281912735505
Calcium_(mg),-0.23741357466434448,0.1248915941364622,0.046245146145591526,0.016832945516800323,0.4743043271036408,0.1890635085696204,0.23369964798585854,0.1257032898544743,1.0,0.3519118595174899,0.3101522335454179,0.5645795707062956,0.2507256310797033,0.1751557019409864,0.14447029874468323,0.08258022386741212,0.06755734831458111,0.009449935198361247,0.0946125269297035,0.13267841174115763,0.22018806380389386,0.1303413580282588,0.1553576494918258,0.17920140038951934,0.163921680499112,0.132554718421977,0.10520142506310069,0.15391809439449042,0.022944962033253878,0.013242775215603502,0.05173941355294477,0.026041818968339587,-0.005539048865844005,0.028753244443052235,0.008949351742832744,-0.007868741850074294,0.03936874789100692,0.11655812948135884,0.06734813965355702,0.1716396779724203,0.03485706507463995,-0.008598432809853711,0.0100340746612073,-0.03723280962857344
Iron_(mg),-0.34905711186168026,0.19622481205603973,0.1285900179645609,-0.03562678814389544,0.19763594821456953,0.3443115929128565,0.38042329716669776,0.11384589307851299,0.3519118595174899,1.0,0.39942442819907714,0.2195430073372391,0.22978268809747238,0.028236025077815113,0.3859121706133155,0.1823619092172952,0.09335227128785083,0.06659093579091961,0.0620109505246338,0.3846526055398166,0.4892359529219855,0.48719547983608513,0.22376378357645055,0.47634670028695303,0.5362621792587071,0.4487079989962612,0.18427976879234154,0.47837633098840554,0.03429749566959516,0.18078593541620597,0.13452222723048443,0.09279835374018333,-0.008932697768542566,0.024209705220247183,0.02813528903063103,-0.01434260421890371,0.028112412052192507,0.16612776403445126,0.08053460699275174,0.17538709115557577,-0.0522886940547739,-0.03502456061829345,0.0020107268946034274,0.005995185918721202
Magnesium_(mg),-0.39117826942937844,0.262945382983074,0.21798171950610354,0.08235078201447962,0.25884122111257396,0.2839770618983894,0.5401098884947272,0.041107114366486786,0.3101522335454179,0.39942442819907714,1.0,0.43634880719427266,0.50475827937284,0.002215077030559281,0.26106855883551955,0.3375897939389137,0.1754074805524197,0.12989052946308022,0.09597588898816069,0.2440890877096281,0.2257991264107853,0.2738265985808338,0.2333481882047381,0.2973701154522258,0.28124700814773185,0.1324175880599574,0.37767536799795554,0.23851300771477293,0.07378609618520941,0.006736444329013436,0.07439184669473053,0.012603975835901043,0.003708408278760658,0.051942598101939005,0.03259534954178101,0.006386924163412292,0.05557953922205513,0.19885378778856627,0.017618518977090825,0.1574300430869701,-0.017668008655670565,0.09151398328372581,0.14840262163307932,-0.06153155917485044
Phosphorus_(mg),-0.29063996943880477,0.20071421509861037,0.444553073624992,0.07442844671432088,0.41497218047862205,0.07332402107054088,0.15933890957233188,-0.053286369487957855,0.5645795707062956,0.2195430073372391,0.43634880719427266,1.0,0.3735594906002274,0.11460667802998234,0.27388373181078923,0.21503388768612292,0.07666587109110493,0.22687308265440934,0.005354173886121073,0.17650553787178735,0.22759335902423597,0.26395852804318914,0.22751087566737332,0.2221746746832913,0.14455024516317314,0.07064237985234044,0.18653394495929423,0.12346792666275389,0.22522187548775338,0.15146806396483975,0.02626354021289588,0.0628171792956919,-0.025737262083995276,-0.04264220557704185,-0.007820701070235025,-0.02745251984888085,-0.03535115914373721,0.07181160169039215,0.0406291429962787,-0.028871155745677314,0.03364453224085461,0.07148815335603777,0.07949265286577203,0.14431931400573797
Potassium_(mg),-0.20049981547604487,0.0816430211391352,0.24837060281243606,-0.03683012197642343,0.3505308493887991,0.11786736924855941,0.3265292868483211,-0.005767076670894953,0.2507256310797033,0.22978268809747238,0.50475827937284,0.3735594906002274,1.0,0.0016812887537727378,0.1541516270350471,0.20126129181209873,0.1490786276848935,0.09118539246441823,0.15269552908387782,0.11734976624081403,0.19593151507208292,0.20230272759615123,0.14552721447849212,0.21343252676459543,0.12869221755540897,0.012370454920548807,0.28531820789589146,0.09934377717265644,0.1391903548890111,0.03419158478657746,0.1307545536930199,0.011981621979782215,0.06306899880286859,0.12897250867277316,0.07878944113098425,0.0671904466276338,0.06949136260113993,0.050565640970949545,0.01388871586057157,0.12246029647306879,-0.05301598634303091,-0.016727146929911004,-0.010017794492928108,0.004088044826962968
Sodium_(mg),-0.1570778120461978,0.05591989149492047,-0.003169884013355205,0.011051505470981634,0.8139084063267618,0.07555387568049993,0.010006943352013924,0.005117653929460469,0.1751557019409864,0.028236025077815113,0.002215077030559281,0.11460667802998234,0.0016812887537727378,1.0,-0.025081507650171374,-0.015741635180640562,-0.004166165888285047,0.01185825299903741,-0.01693947139189414,0.06950542301492557,0.04834922756812419,0.02104209482873735,-0.0027266231913311723,-0.005387488845383188,0.04225563152057317,0.04270447798183539,-0.011156290024541804,0.03652387485758795,0.013640702141590107,-0.012434866532998377,-0.00878150880270493,-0.003946763653680523,-0.0018209717189484023,-0.009804335788331587,0.0025071863198119168,0.006291599691569717,-0.016134743219907183,0.00721809542337367,0.004252475161959013,-0.012106767441309606,-0.0008889972667036522,0.00791077319069629,0.03203451705591765,-0.019293026615038705
Zinc_(mg),-0.14931915759776784,0.11440123796838977,0.4220674834521613,0.03211285338659912,0.08169682952190017,-0.015401854533447746,0.08278254676166474,-0.031045878725199847,0.14447029874468323,0.3859121706133155,0.26106855883551955,0.27388373181078923,0.1541516270350471,-0.025081507650171374,1.0,0.26175418828575503,0.0619999097688282,0.20757571037672684,0.010762398694164845,0.24820888618932654,0.3695449875421637,0.47747474779719795,0.36992645397283447,0.4486657293139712,0.34238507816717617,0.3171118360520352,0.08211032953437226,0.32268973303252535,0.23715996581179238,0.29732680716769133,0.02859607264844517,0.07861763378531016,-0.028105898335943135,-0.04710578874735913,-0.008519086591038479,-0.032918941973544065,-0.02814539777965917,0.1688520922207574,0.057243129259033264,-0.02129844082151396,0.03052213689035029,0.059837553237019454,-0.022375933079767384,0.11943148035640859
Copper_(mg),-0.1400702091644599,0.10250834414694476,0.1533532651900749,0.04771617576643604,0.0918614374739046,0.06314886860088295,0.18553594222765887,-0.005206373477792429,0.08258022386741212,0.1823619092172952,0.3375897939389137,0.21503388768612292,0.20126129181209873,-0.015741635180640562,0.26175418828575503,1.0,0.1674389532589436,0.1294394306473141,0.021137703331163257,0.10207289521034725,0.30836567299638373,0.1448468793169193,0.2888233930739787,0.12163472998742669,0.14710319150949572,0.02699984081181323,0.3156131675138158,0.12184543214177085,0.16329101368091228,0.5776868611919473,0.42196329005088556,0.5808572477010114,0.0033993663486518964,0.021328161221438203,0.01047071179865761,0.014883508281670363,0.010814187273968281,0.07823213038362706,0.007333048341721449,0.04035398237119478,-0.0005994587609096661,0.04961873287178022,0.0752519442397533,0.11329097270538496
Manganese_(mg),-0.06740142534369016,0.03730521813572866,0.03482020451309018,0.0010973800451071348,0.06010312335564031,0.05551630298390531,0.10273742818463164,0.01007371746892622,0.06755734831458111,0.09335227128785083,0.1754074805524197,0.07666587109110493,0.1490786276848935,-0.004166165888285047,0.0619999097688282,0.1674389532589436,1.0,0.02104854454028775,0.01635682734458362,0.046353382582702586,0.10513997788821414,0.09792641312908273,0.23429315715239166,0.06333012890093638,0.05077243747931578,0.0420638499179432,0.046722373399452906,0.05342812859432028,0.01427905009862168,0.2418713278449302,0.25920288600196567,0.37438583084030697,-0.0013156273101185567,0.003828364495773883,0.0031794772797387847,-0.0016969266726985252,0.0030986750793152323,0.10099360920606237,0.028026333613478057,0.027749718792699506,-0.012756252555416446,0.002982914704911671,0.013925249056087963,0.0022250253986702004
Selenium_(µg),-0.0494257785386164,0.05758444993937348,0.38391909820788256,0.038994693691665354,0.054287719578173896,-0.11555686170938596,-0.03429674593420174,-0.12675954562228517,0.009449935198361247,0.06659093579091961,0.12989052946308022,0.22687308265440934,0.09118539246441823,0.01185825299903741,0.20757571037672684,0.1294394306473141,0.02104854454028775,1.0,-0.034134086557189386,0.05659592331840833,0.14323316171170034,0.18374587676070578,0.1566205593051977,0.11320100699124265,0.02156375970886988,0.019726124386167766,0.06117693500346113,0.037772080926853885,0.25944491100728106,0.21659170401177918,-0.0012972093084667627,0.057652697331137176,-0.025930054863726362,-0.0476503114471332,-0.014816421956035573,-0.021528773846830607,-0.037050896492548925,0.017723986404692433,0.031244907111868465,-0.03911533692488865,0.01728552228092851,0.0587520027202446,0.01786206517026136,0.2140781846407767
Vit_C_(mg),-0.013933269993548625,-0.032983462093758055,-0.0644061707494007,-0.0573673157206734,0.04319867487151176,0.06956649436530138,0.06808619544064015,0.053275873426236145,0.0946125269297035,0.0620109505246338,0.09597588898816069,0.005354173886121073,0.15269552908387782,-0.01693947139189414,0.010762398694164845,0.021137703331163257,0.01635682734458362,-0.034134086557189386,1.0,0.0456851973454176,0.19376593083693386,0.17620150442579965,0.06929387638022824,0.23281009738704617,0.06692937620908405,0.04860287668147987,0.04832073473385212,0.060276384460488795,-0.022088225497580428,0.004037788567481083,0.1725348875392246,0.06929016750232453,0.09407569738367058,0.17722830146852017,0.02227106242699687,0.017561337972341138,0.07055270327963596,0.056574110433577726,0.012945629411496849,0.07019743315522513,-0.04675891542092628,-0.05203647689498097,-0.03224813209711869,-0.02842284148176405
Thiamin_(mg),-0.2898963823145236,0.1866391727531587,0.10242748451455436,-0.001631850306647532,0.13001883997804373,0.2744466182034285,0.203499605676297,0.09136479058910159,0.13267841174115763,0.3846526055398166,0.2440890877096281,0.17650553787178735,0.11734976624081403,0.06950542301492557,0.24820888618932654,0.10207289521034725,0.046353382582702586,0.05659592331840833,0.0456851973454176,1.0,0.6240622422038381,0.5917336284225921,0.28785449583203615,0.41109276012887935,0.5768421029157629,0.4861878312913611,0.2660235602189584,0.5370312295067553,0.021536251512407636,0.09860592701310676,0.04159690502414543,0.05141633781210601,0.005643113065974517,-0.007071376862160783,-0.0007904339166477744,-0.008121211596508983,-0.004592936896768907,0.11624852676270286,0.06026358787378214,-0.009898415109955937,-0.03722275693762046,-0.0034958141925534036,0.060433090352217354,-0.03525308870433744
Riboflavin_(mg),-0.26457486362196025,0.15421848946870134,0.2135124705033982,-0.03155415540222556,0.14857975626268585,0.22038283892186736,0.1522241275854182,0.1150674687690718,0.22018806380389386,0.4892359529219855,0.2257991264107853,0.22759335902423597,0.19593151507208292,0.04834922756812419,0.3695449875421637,0.30836567299638373,0.10513997788821414,0.14323316171170034,0.19376593083693386,0.6240622422038381,1.0,0.739320103976089,0.4651410683462105,0.578069606111322,0.612879143963396,0.529919751021266,0.25065740967644123,0.5724139910136496,0.15122210673861297,0.43990880016766953,0.29479053741329675,0.32696602545765946,-0.00893242313842479,0.004424115638815242,0.019385129280186368,-0.014789068410817454,0.01075457167708454,0.15723898112913992,0.0914605549572587,0.012597510634805907,-0.028601496968974165,-0.026885414473323727,-0.016953144671787233,0.1293082817158456
Niacin_(mg),-0.2752586086594749,0.17428161275939466,0.39406003523805405,-0.018253527286599392,0.12281477052623202,0.16066300850808152,0.1286824977516485,0.020496428971544463,0.1303413580282588,0.48719547983608513,0.2738265985808338,0.26395852804318914,0.20230272759615123,0.02104209482873735,0.47747474779719795,0.1448468793169193,0.09792641312908273,0.18374587676070578,0.17620150442579965,0.5917336284225921,0.739320103976089,1.0,0.48080613155342133,0.7146210012626546,0.5592667685219382,0.5276774451404755,0.12590609929862942,0.5326036221291686,0.1648591573218378,0.28038701955317663,0.09699950048660821,0.15702505672534636,-0.02400838660744908,-0.038896079377305354,0.005342438848227188,-0.019221808188404136,-0.03373133312447401,0.1944619861515688,0.10263951949332131,-0.03848110690475628,-0.041443208995010576,0.007742169461138501,-0.006826228875718621,0.08317914006717245
Panto_Acid_mg),-0.0923649230617912,0.0618258626802973,0.23816670834601228,0.00860948242484109,0.08998369692600508,0.001544149007879039,0.0671628145113236,-0.01607991478851631,0.1553576494918258,0.22376378357645055,0.2333481882047381,0.22751087566737332,0.14552721447849212,-0.0027266231913311723,0.36992645397283447,0.2888233930739787,0.23429315715239166,0.1566205593051977,0.06929387638022824,0.28785449583203615,0.4651410683462105,0.48080613155342133,1.0,0.40533786064248595,0.3096438039917329,0.24281590977302642,0.24201482355685336,0.3012891669757027,0.2266970707969929,0.35391945465969465,0.16966361105246075,0.23261502503035153,-0.0060170691892832895,-0.007671416004124969,0.0035767172708084244,0.0010682455495151103,-0.014746872349450595,0.31877197032253807,0.07751902849158727,-0.011291569681632582,-0.006600451959984444,0.011143163480414517,0.014886520949166617,0.18057971619413973
Vit_B6_(mg),-0.22837606945964498,0.11925103375510611,0.24422338825506817,-0.041971839218664805,0.11533306105771929,0.17986958138988832,0.23515098977895854,0.07363977421865461,0.17920140038951934,0.47634670028695303,0.2973701154522258,0.2221746746832913,0.21343252676459543,-0.005387488845383188,0.4486657293139712,0.12163472998742669,0.06333012890093638,0.11320100699124265,0.23281009738704617,0.41109276012887935,0.578069606111322,0.7146210012626546,0.40533786064248595,1.0,0.5674291196256211,0.5393563556414104,0.11524527704433778,0.5392392929955049,0.14741232023865708,0.2640258278730597,0.14876784185061492,0.12244212343556604,0.010099942283216245,0.044704898104891394,0.05789558881033234,-0.021820606188410516,0.024571314296566893,0.28816634024424,0.10460995883051935,0.025314292528422617,-0.05961065958542583,-0.024056262887573995,-0.007303596034462147,0.03453471051112496
Folate_Tot_(µg),-0.3266568959824078,0.1843940847685884,0.008987291341947529,-0.04943591821964967,0.11795517672221843,0.3809817762284858,0.30601315350971076,0.17201146156963454,0.163921680499112,0.5362621792587071,0.28124700814773185,0.14455024516317314,0.12869221755540897,0.04225563152057317,0.34238507816717617,0.14710319150949572,0.05077243747931578,0.02156375970886988,0.06692937620908405,0.5768421029157629,0.612879143963396,0.5592667685219382,0.3096438039917329,0.5674291196256211,1.0,0.803106025816183,0.46584456954683723,0.8925114857838791,0.021002267758512348,0.1733712424554336,0.11176442818513903,0.12201867006318239,-0.005112177498082469,0.011788213367758144,-0.00047003389319206465,-0.01104525643790475,0.045429178073299076,0.2065396994976904,0.07869034304474141,0.04295914629182077,-0.06410800336065979,-0.05128450539500252,0.019129838903319468,-0.032705980823872494
Folic_Acid_(µg),-0.24659277080336248,0.13900331425569423,-0.03048937705506127,-0.04797924993487592,0.08213824878714229,0.30988455847717966,0.15692686443335147,0.18332415165706137,0.132554718421977,0.4487079989962612,0.1324175880599574,0.07064237985234044,0.012370454920548807,0.04270447798183539,0.3171118360520352,0.02699984081181323,0.0420638499179432,0.019726124386167766,0.04860287668147987,0.4861878312913611,0.529919751021266,0.5276774451404755,0.24281590977302642,0.5393563556414104,0.803106025816183,1.0,0.05177476160923365,0.9506262007923095,-0.014225498218280801,0.12071361666308826,0.029134862803973878,0.052122326516332966,-0.00807900796040881,-0.01698730993841368,-0.008228362452573202,-0.010601308115354098,0.014085585237794074,0.18041340382935242,0.09153319385412266,-0.012235194815922133,-0.04347289117062851,-0.04366435954786804,-0.01751882216285841,-0.051737349515756266
Food_Folate_(µg),-0.1230616690266009,0.051112668789535076,0.11710477582922339,-0.02943654553323684,0.11994003236124032,0.09961147124168004,0.3205268329496415,-0.04900976204470415,0.10520142506310069,0.18427976879234154,0.37767536799795554,0.18653394495929423,0.28531820789589146,-0.011156290024541804,0.08211032953437226,0.3156131675138158,0.046722373399452906,0.06117693500346113,0.04832073473385212,0.2660235602189584,0.25065740967644123,0.12590609929862942,0.24201482355685336,0.11524527704433778,0.46584456954683723,0.05177476160923365,1.0,0.3523492488666866,0.1255392654792158,0.14571636691711307,0.18891990258106067,0.18464454357568183,0.011938012234923145,0.0723194314870614,0.015170079578717147,0.0006408296409634997,0.09290022535784717,0.057523951155655534,-0.015253585567769842,0.13605200189649955,-0.06569918853210603,-0.02426702268776505,0.03804989946455233,0.05377999373030097
Folate_DFE_(µg),-0.26663289837633436,0.14398596781782091,0.008249176670801588,-0.05496261426875115,0.1140389891632857,0.3186374824373804,0.24297730590807448,0.15481677637980207,0.15391809439449042,0.47837633098840554,0.23851300771477293,0.12346792666275389,0.09934377717265644,0.03652387485758795,0.32268973303252535,0.12184543214177085,0.05342812859432028,0.037772080926853885,0.060276384460488795,0.5370312295067553,0.5724139910136496,0.5326036221291686,0.3012891669757027,0.5392392929955049,0.8925114857838791,0.9506262007923095,0.3523492488666866,1.0,0.026556786475576487,0.1562663798023308,0.08235158926232773,0.10596721702355115,-0.0036736665786186173,0.006719877879902802,-0.003020113645014663,-0.009510926397564496,0.041983041393521825,0.18489247351414836,0.08109109666560206,0.03061497923105699,-0.06124906200258275,-0.04881697384630843,-0.005224115822276048,-0.03124992062042271
Choline_Tot_ (mg),-0.01487385277546199,0.038677464317508126,0.40790132106139576,0.04882427757336394,0.0690656017204821,-0.17022522553526317,-0.06727930810572387,-0.07304284906891434,0.022944962033253878,0.03429749566959516,0.07378609618520941,0.22522187548775338,0.1391903548890111,0.013640702141590107,0.23715996581179238,0.16329101368091228,0.01427905009862168,0.25944491100728106,-0.022088225497580428,0.021536251512407636,0.15122210673861297,0.1648591573218378,0.2266970707969929,0.14741232023865708,0.021002267758512348,-0.014225498218280801,0.1255392654792158,0.026556786475576487,1.0,0.18801713070789747,0.04180383311280912,0.10459333921677685,-0.006856583673757803,-0.015660948604245658,0.005259237522277133,-0.010879378822869044,0.008280092996823115,0.03423473902261887,0.09367164960737166,0.008079921115070466,0.04571396745366165,0.07127781759933792,-0.0063906505499335626,0.38849922372135465
Vit_B12_(µg),0.01320260284169052,-0.013956659388474879,0.2502900312451109,-0.02091414798749037,0.01773634683481399,-0.0981813771818962,-0.05456902183666662,-0.05481194146413879,0.013242775215603502,0.18078593541620597,0.006736444329013436,0.15146806396483975,0.03419158478657746,-0.012434866532998377,0.29732680716769133,0.5776868611919473,0.2418713278449302,0.21659170401177918,0.004037788567481083,0.09860592701310676,0.43990880016766953,0.28038701955317663,0.35391945465969465,0.2640258278730597,0.1733712424554336,0.12071361666308826,0.14571636691711307,0.1562663798023308,0.18801713070789747,1.0,0.43337533263163724,0.5936308577157872,-0.01968256036919577,-0.03296467239655357,-0.012453328459522649,-0.020737136778782368,-0.028742661316504887,0.060210396577280785,0.05103085105508812,-0.03298113598443764,-0.009052254740148475,-0.015518922817189059,-0.04158450494749416,0.322146294855855
Vit_A_(µg),0.011635895976572153,-0.02980587364996668,-0.021469144141649084,-0.020569148142302415,0.05088725624043718,0.002252651126721221,0.10708637897346547,0.002556789560105806,0.05173941355294477,0.13452222723048443,0.07439184669473053,0.02626354021289588,0.1307545536930199,-0.00878150880270493,0.02859607264844517,0.42196329005088556,0.25920288600196567,-0.0012972093084667627,0.1725348875392246,0.04159690502414543,0.29479053741329675,0.09699950048660821,0.16966361105246075,0.14876784185061492,0.11176442818513903,0.029134862803973878,0.18891990258106067,0.08235158926232773,0.04180383311280912,0.43337533263163724,1.0,0.6781846938378113,0.34743825485534074,0.49926784276184755,0.21000240971149306,0.020596868563364252,0.24140448555281394,0.06937166113523516,0.25958996125476747,0.15413030696564284,-0.031643787093292665,-0.021967089720918098,-0.003367177604076012,0.08575800944999559
Retinol_(µg),-0.027807013367734116,0.03500440524194982,0.04365481085448172,0.03373682094478671,0.012831351187211976,-0.005796385287257771,-0.019747268801754064,0.005626591128689147,0.026041818968339587,0.09279835374018333,0.012603975835901043,0.0628171792956919,0.011981621979782215,-0.003946763653680523,0.07861763378531016,0.5808572477010114,0.37438583084030697,0.057652697331137176,0.06929016750232453,0.05141633781210601,0.32696602545765946,0.15702505672534636,0.23261502503035153,0.12244212343556604,0.12201867006318239,0.052122326516332966,0.18464454357568183,0.10596721702355115,0.10459333921677685,0.5936308577157872,0.6781846938378113,1.0,-0.006023212332502678,-0.00912093833201083,-0.0026494459928882506,-0.007346942231913185,-0.007843257721510398,0.03325262387759414,0.3908102184134089,-0.0026746316315074486,0.02147579325804736,0.03301710241900101,0.022760208381103483,0.16296895752504284
Alpha_Carot_(µg),0.04281189551176312,-0.05366136998670969,-0.057549776239792114,-0.04122276236005889,0.010739587178804218,-0.0029520802314055555,0.06448832946916458,0.011454010476971976,-0.005539048865844005,-0.008932697768542566,0.003708408278760658,-0.025737262083995276,0.06306899880286859,-0.0018209717189484023,-0.028105898335943135,0.0033993663486518964,-0.0013156273101185567,-0.025930054863726362,0.09407569738367058,0.005643113065974517,-0.00893242313842479,-0.02400838660744908,-0.0060170691892832895,0.010099942283216245,-0.005112177498082469,-0.00807900796040881,0.011938012234923145,-0.0036736665786186173,-0.006856583673757803,-0.01968256036919577,0.34743825485534074,-0.006023212332502678,1.0,0.6347162143899562,0.09643992183935036,0.0036728822286556484,0.0623870210531034,0.020042395034456997,-0.008141394753096106,0.029216312379771778,-0.03543211149132629,-0.03544215438761594,-0.021302789057988637,-0.023019238681362547
Beta_Carot_(µg),0.06594833199390555,-0.08629693190279417,-0.09005021171015125,-0.05779462056318522,0.03304817740001932,-0.008998767632213644,0.14311594516138182,0.0070029081452550775,0.028753244443052235,0.024209705220247183,0.051942598101939005,-0.04264220557704185,0.12897250867277316,-0.009804335788331587,-0.04710578874735913,0.021328161221438203,0.003828364495773883,-0.0476503114471332,0.17722830146852017,-0.007071376862160783,0.004424115638815242,-0.038896079377305354,-0.007671416004124969,0.044704898104891394,0.011788213367758144,-0.01698730993841368,0.0723194314870614,0.006719877879902802,-0.015660948604245658,-0.03296467239655357,0.49926784276184755,-0.00912093833201083,0.6347162143899562,1.0,0.38957072161575607,0.06378431321487966,0.5237697939376016,0.0920437274714098,-0.013113021512825236,0.3369184330722161,-0.055681765387985686,-0.052662890903976765,-0.019870294899450882,-0.041795913373555774
Beta_Crypt_(µg),0.003167897381023069,-0.021632486191797855,-0.02962899326515954,-0.01526256498121515,0.028483376008441204,0.013915800442248915,0.12014229779047055,0.007455352006933466,0.008949351742832744,0.02813528903063103,0.03259534954178101,-0.007820701070235025,0.07878944113098425,0.0025071863198119168,-0.008519086591038479,0.01047071179865761,0.0031794772797387847,-0.014816421956035573,0.02227106242699687,-0.0007904339166477744,0.019385129280186368,0.005342438848227188,0.0035767172708084244,0.05789558881033234,-0.00047003389319206465,-0.008228362452573202,0.015170079578717147,-0.003020113645014663,0.005259237522277133,-0.012453328459522649,0.21000240971149306,-0.0026494459928882506,0.09643992183935036,0.38957072161575607,1.0,0.0036532973486526578,0.22098483484443948,0.12081365107718768,-0.004472464547788996,0.03377736795954786,-0.018570657123368937,-0.01969738970487177,0.007139800801193392,-0.013346429154123322
Lycopene_(µg),0.038339113109067104,-0.05179204600316862,-0.054798510775227446,-0.04083718044451049,0.03747120717295329,-0.0019885031923319524,0.024726664671187587,0.022669924829949728,-0.007868741850074294,-0.01434260421890371,0.006386924163412292,-0.02745251984888085,0.0671904466276338,0.006291599691569717,-0.032918941973544065,0.014883508281670363,-0.0016969266726985252,-0.021528773846830607,0.017561337972341138,-0.008121211596508983,-0.014789068410817454,-0.019221808188404136,0.0010682455495151103,-0.021820606188410516,-0.01104525643790475,-0.010601308115354098,0.0006408296409634997,-0.009510926397564496,-0.010879378822869044,-0.020737136778782368,0.020596868563364252,-0.007346942231913185,0.0036728822286556484,0.06378431321487966,0.0036532973486526578,1.0,0.010075545012127355,0.020901987743911353,-0.009866918648101436,0.0018773660556285696,-0.034386452657255664,-0.034975792509540554,-0.022304654169336455,-0.025075100263532872
Lut+Zea_ (µg),0.07277986618405625,-0.08887092522768311,-0.08152316562531343,-0.06164284296483513,0.01053142596320204,-0.015369240082820299,0.09695832651921305,-0.017141575722572293,0.03936874789100692,0.028112412052192507,0.05557953922205513,-0.03535115914373721,0.06949136260113993,-0.016134743219907183,-0.02814539777965917,0.010814187273968281,0.0030986750793152323,-0.037050896492548925,0.07055270327963596,-0.004592936896768907,0.01075457167708454,-0.03373133312447401,-0.014746872349450595,0.024571314296566893,0.045429178073299076,0.014085585237794074,0.09290022535784717,0.041983041393521825,0.008280092996823115,-0.028742661316504887,0.24140448555281394,-0.007843257721510398,0.0623870210531034,0.5237697939376016,0.22098483484443948,0.010075545012127355,1.0,0.05695068361569543,-0.008022057694187538,0.5871401174303245,-0.05651542726736768,-0.054267033582904654,-0.0270487549928597,-0.030275850860819208
Vit_E_(mg),-0.2317616935062663,0.303858244101925,-0.028481880931037585,0.33769928939040444,0.05489030104364251,0.07208071148064461,0.15337395428121373,0.06653129133979671,0.11655812948135884,0.16612776403445126,0.19885378778856627,0.07181160169039215,0.050565640970949545,0.00721809542337367,0.1688520922207574,0.07823213038362706,0.10099360920606237,0.017723986404692433,0.056574110433577726,0.11624852676270286,0.15723898112913992,0.1944619861515688,0.31877197032253807,0.28816634024424,0.2065396994976904,0.18041340382935242,0.057523951155655534,0.18489247351414836,0.03423473902261887,0.060210396577280785,0.06937166113523516,0.03325262387759414,0.020042395034456997,0.0920437274714098,0.12081365107718768,0.020901987743911353,0.05695068361569543,1.0,0.06467516705255523,0.09387679629177435,0.13673029613885634,0.328032299809465,0.39230747834239643,-0.03798984963020923
Vit_D_(µg),-0.05798391269830042,0.07498081188545486,0.018184867535924337,0.07314032410549108,0.022576813676710942,0.014611886139330024,-0.011303036485859036,0.054585238352246525,0.06734813965355702,0.08053460699275174,0.017618518977090825,0.0406291429962787,0.01388871586057157,0.004252475161959013,0.057243129259033264,0.007333048341721449,0.028026333613478057,0.031244907111868465,0.012945629411496849,0.06026358787378214,0.0914605549572587,0.10263951949332131,0.07751902849158727,0.10460995883051935,0.07869034304474141,0.09153319385412266,-0.015253585567769842,0.08109109666560206,0.09367164960737166,0.05103085105508812,0.25958996125476747,0.3908102184134089,-0.008141394753096106,-0.013113021512825236,-0.004472464547788996,-0.009866918648101436,-0.008022057694187538,0.06467516705255523,1.0,1.6685432787717712e-05,0.04431589352407441,0.08022726964951135,0.05296433375833692,0.06419933616471572
Vit_K_(µg),0.02077111459884916,-0.02411480273029001,-0.07197259439228326,0.015055389398009256,0.062480450471870584,-0.01140287533665025,0.15516087915788818,-0.01482575649835725,0.1716396779724203,0.17538709115557577,0.1574300430869701,-0.028871155745677314,0.12246029647306879,-0.012106767441309606,-0.02129844082151396,0.04035398237119478,0.027749718792699506,-0.03911533692488865,0.07019743315522513,-0.009898415109955937,0.012597510634805907,-0.03848110690475628,-0.011291569681632582,0.025314292528422617,0.04295914629182077,-0.012235194815922133,0.13605200189649955,0.03061497923105699,0.008079921115070466,-0.03298113598443764,0.15413030696564284,-0.0026746316315074486,0.029216312379771778,0.3369184330722161,0.03377736795954786,0.0018773660556285696,0.5871401174303245,0.09387679629177435,1.6685432787717712e-05,1.0,-0.0075197043079354795,0.004781403509549463,0.05599908187385376,-0.042056354129547044
FA_Sat_(g),-0.36796010829478754,0.6191185163974036,0.05252981311418853,0.764602979601538,-0.02350997682504722,-0.043835373778114965,-0.07566319763419192,0.06864954839659652,0.03485706507463995,-0.0522886940547739,-0.017668008655670565,0.03364453224085461,-0.05301598634303091,-0.0008889972667036522,0.03052213689035029,-0.0005994587609096661,-0.012756252555416446,0.01728552228092851,-0.04675891542092628,-0.03722275693762046,-0.028601496968974165,-0.041443208995010576,-0.006600451959984444,-0.05961065958542583,-0.06410800336065979,-0.04347289117062851,-0.06569918853210603,-0.06124906200258275,0.04571396745366165,-0.009052254740148475,-0.031643787093292665,0.02147579325804736,-0.03543211149132629,-0.055681765387985686,-0.018570657123368937,-0.034386452657255664,-0.05651542726736768,0.13673029613885634,0.04431589352407441,-0.0075197043079354795,1.0,0.5202241335776234,0.267312769285291,0.09123085155357522
FA_Mono_(g),-0.39059803580748764,0.676569394730923,0.09427608163356933,0.868513657859697,-0.0019012595654065,-0.09612697009171425,-0.030788746914468916,-0.06334641830705176,-0.008598432809853711,-0.03502456061829345,0.09151398328372581,0.07148815335603777,-0.016727146929911004,0.00791077319069629,0.059837553237019454,0.04961873287178022,0.002982914704911671,0.0587520027202446,-0.05203647689498097,-0.0034958141925534036,-0.026885414473323727,0.007742169461138501,0.011143163480414517,-0.024056262887573995,-0.05128450539500252,-0.04366435954786804,-0.02426702268776505,-0.04881697384630843,0.07127781759933792,-0.015518922817189059,-0.021967089720918098,0.03301710241900101,-0.03544215438761594,-0.052662890903976765,-0.01969738970487177,-0.034975792509540554,-0.054267033582904654,0.328032299809465,0.08022726964951135,0.004781403509549463,0.5202241335776234,1.0,0.5738478468826772,0.08117586739046583
FA_Poly_(g),-0.39931696360551705,0.5951910553305012,-0.039388646579350345,0.7039619197561553,0.016657710559799883,0.0548485764931667,0.07360292548296585,-0.00523185182143291,0.0100340746612073,0.0020107268946034274,0.14840262163307932,0.07949265286577203,-0.010017794492928108,0.03203451705591765,-0.022375933079767384,0.0752519442397533,0.013925249056087963,0.01786206517026136,-0.03224813209711869,0.060433090352217354,-0.016953144671787233,-0.006826228875718621,0.014886520949166617,-0.007303596034462147,0.019129838903319468,-0.01751882216285841,0.03804989946455233,-0.005224115822276048,-0.0063906505499335626,-0.04158450494749416,-0.003367177604076012,0.022760208381103483,-0.021302789057988637,-0.019870294899450882,0.007139800801193392,-0.022304654169336455,-0.0270487549928597,0.39230747834239643,0.05296433375833692,0.05599908187385376,0.267312769285291,0.5738478468826772,1.0,-0.010235495235418224
Cholestrl_(mg),0.05534759622981984,0.015089662324880444,0.29024463460831257,0.08722885129151609,-0.0063889346312967195,-0.21973495656115438,-0.14582444136433556,-0.13626281912735505,-0.03723280962857344,0.005995185918721202,-0.06153155917485044,0.14431931400573797,0.004088044826962968,-0.019293026615038705,0.11943148035640859,0.11329097270538496,0.0022250253986702004,0.2140781846407767,-0.02842284148176405,-0.03525308870433744,0.1293082817158456,0.08317914006717245,0.18057971619413973,0.03453471051112496,-0.032705980823872494,-0.051737349515756266,0.05377999373030097,-0.03124992062042271,0.38849922372135465,0.322146294855855,0.08575800944999559,0.16296895752504284,-0.023019238681362547,-0.041795913373555774,-0.013346429154123322,-0.025075100263532872,-0.030275850860819208,-0.03798984963020923,0.06419933616471572,-0.042056354129547044,0.09123085155357522,0.08117586739046583,-0.010235495235418224,1.0
